{"is_source_file": false, "format": "", "description": "", "external_files": [], "external_methods": [], "published": [], "classes": [], "methods": [], "calls": [], "search-terms": [], "state": 2, "file_id": 2, "knowledge_revision": 4, "git_revision": "d5fb18582035b477b31667d9f6a58e3b10d2faa9", "hash": "836b747d13f9ed5951c42ca4f7b3ba76", "format-version": 4, "code-base-name": "android_frontend_app", "filename": "android_frontend_app/init_script.sh", "revision_history": [{"4": "d5fb18582035b477b31667d9f6a58e3b10d2faa9"}]}