{"is_source_file": true, "format": "Kotlin (Android activity source code)", "description": "This Kotlin source file defines the MainActivity class for an Android app that implements voice-controlled commands for launching apps, making calls, sending messages, navigation, and media control. It manages speech recognition, UI interactions, permissions, and command parsing.", "external_files": ["R.layout.activity_main", "strings.xml", "AndroidManifest.xml"], "external_methods": ["SpeechRecognizer.createSpeechRecognizer", "SpeechRecognizer.isRecognitionAvailable", "PackageManager.getLaunchIntentForPackage", "PackageManager.resolveActivity", "Toast.makeText", "runOnUiThread"], "published": ["MainActivity"], "classes": [{"name": "MainActivity", "description": "Primary activity managing voice commands, UI, and integrations in the app."}], "methods": [{"name": "onCreate", "description": "Initializes the activity, UI components, voice recognition, and permissions."}, {"name": "onDestroy", "description": "Cleans up speech recognizer resources upon activity destruction."}, {"name": "wireTileHandlers", "description": "Sets click listeners for UI buttons to trigger specific actions."}, {"name": "setupVoice", "description": "Configures speech recognizer and recognition intent."}, {"name": "requestNeededPermissions", "description": "Requests runtime permissions necessary for voice and call functionalities."}, {"name": "onRequestPermissionsResult", "description": "Handles responses to permission requests, providing user feedback."}, {"name": "startListening", "description": "Starts voice recognition listening session."}, {"name": "stopListening", "description": "Stops voice recognition listening session."}, {"name": "handleRecognizedText", "description": "Processes recognized speech and executes corresponding commands."}, {"name": "openSpotifyOrShowMessage", "description": "Launches Spotify app or shows a message if not installed."}, {"name": "launchMapsWithDestination", "description": "Opens Google Maps with specified destination."}, {"name": "placeCall", "description": "Initiates a phone call to the specified number."}, {"name": "openDialer", "description": "Opens the dialer app with optional pre-filled number."}, {"name": "openDefaultSmsComposer", "description": "Opens SMS composer with optional recipient and body."}, {"name": "openWhatsAppOrShowMessage", "description": "Opens WhatsApp or shows message if not installed."}, {"name": "setStatus", "description": "Updates the status TextView on the UI thread."}, {"name": "toast", "description": "Shows a Toast message on the UI thread."}], "calls": ["BackendClient.sendRecognizedCommand", "SpeechRecognizer.createSpeechRecognizer", "SpeechRecognizer.isRecognitionAvailable", "packageManager.getLaunchIntentForPackage", "packageManager.resolveActivity", "startActivity", "setContentView", "findViewById", "setOnClickListener", "setRecognitionListener", "startListening", "stopListening", "destroy"], "search-terms": ["Kotlin", "Android voice commands", "SpeechRecognizer", "map navigation", "phone calls", "SMS sending", "app launching", "voice recognition", "permission handling", "activity lifecycle"], "state": 2, "file_id": 13, "knowledge_revision": 27, "git_revision": "", "hash": "bb2e1910f9fc6b705d69d45c27faeffa", "format-version": 4, "code-base-name": "android_frontend_app", "filename": "android_frontend_app/app/src/main/kotlin/org/example/app/MainActivity.kt", "revision_history": [{"27": ""}]}