{"is_source_file": false, "format": "", "description": "", "external_files": [], "external_methods": [], "published": [], "classes": [], "methods": [], "calls": [], "search-terms": ["dimens.xml", "dimensions", "UI sizing", "resources", "values"], "state": 2, "file_id": 5, "knowledge_revision": 19, "git_revision": "", "hash": "a1b5e09e4fef805f0567993f98392888", "format-version": 4, "code-base-name": "android_frontend_app", "filename": "android_frontend_app/app/src/main/res/values/dimens.xml", "revision_history": [{"19": ""}]}