{"is_source_file": true, "format": "Kotlin", "description": "This file defines a singleton object 'AppConfig' that holds runtime configuration settings for an Android app, specifically the backend base URL. It includes documentation notes regarding environment-specific configurations and emulator considerations.", "external_files": [], "external_methods": [], "published": ["org.example.app.AppConfig"], "classes": [], "methods": [], "calls": [], "search-terms": ["AppConfig", "runtime settings", "backendBaseUrl", "BuildConfig", "environment configuration"], "state": 2, "file_id": 11, "knowledge_revision": 25, "git_revision": "", "hash": "cd939d4e3af3d42f7ec18f2a2f9b9fd9", "format-version": 4, "code-base-name": "android_frontend_app", "filename": "android_frontend_app/app/src/main/kotlin/org/example/app/AppConfig.kt", "revision_history": [{"25": ""}]}