{"is_source_file": true, "format": "Kotlin", "description": "This file defines a BackendClient object for sending voice command data to a backend server via HTTP POST request, and a data class for handling responses.", "external_files": ["java.io.BufferedReader", "java.io.InputStreamReader", "java.lang.Exception", "java.net.HttpURLConnection", "java.net.URL", "java.net.URLEncoder"], "external_methods": ["URL.openConnection", "HttpURLConnection.setRequestMethod", "HttpURLConnection.setConnectTimeout", "HttpURLConnection.setReadTimeout", "HttpURLConnection.setRequestProperty", "HttpURLConnection.getResponseCode", "HttpURLConnection.getInputStream", "HttpURLConnection.getErrorStream", "InputStreamReader.readText", "BufferedReader.use", "OutputStream.write"], "published": ["BackendClient", "BackendResponse"], "classes": [{"name": "BackendResponse", "description": "Data class representing the HTTP response with status code and response body."}], "methods": [{"name": "sendRecognizedCommand", "description": "Sends a voice command text to the backend server via POST request and returns a BackendResponse with status and body."}], "calls": ["URL.trimEnd", "URL.openConnection", "HttpURLConnection.setRequestMethod", "HttpURLConnection.setConnectTimeout", "HttpURLConnection.setReadTimeout", "HttpURLConnection.setRequestProperty", "URLEncoder.encode", "OutputStream.use", "OutputStream.write", "HttpURLConnection.getResponseCode", "HttpURLConnection.getInputStream", "HttpURLConnection.getErrorStream", "BufferedReader.use", "BufferedReader.readText"], "search-terms": ["BackendClient", "sendRecognizedCommand", "HTTP POST Kotlin", "voice command backend"], "state": 2, "file_id": 12, "knowledge_revision": 26, "git_revision": "", "hash": "f211585f0ba1ae90864c1f2178f2737d", "format-version": 4, "code-base-name": "android_frontend_app", "filename": "android_frontend_app/app/src/main/kotlin/org/example/app/BackendClient.kt", "revision_history": [{"26": ""}]}