{"is_source_file": false, "format": "", "description": "", "external_files": [], "external_methods": [], "published": [], "classes": [], "methods": [], "calls": [], "search-terms": [], "state": 2, "file_id": 1, "knowledge_revision": 5, "git_revision": "060edcfe6fccc917bbd4fe63121ce7b6c28a1ffd", "hash": "5100c78a9b59a7a8980dfbd58741f6a2", "format-version": 4, "code-base-name": "android_frontend_app", "filename": "README.md", "revision_history": [{"5": "060edcfe6fccc917bbd4fe63121ce7b6c28a1ffd"}]}